VP_N6, -22.5, 30.0
VP_E11, -22.5, 22.5
VP_N4, -30.0, 22.5
VP_E2, -37.5, 22.5
VP_E9, -30.0, 22.5
VP_E1, -22.5, 30.0
VP_E8, -30.0, 37.5
VP_E11, -30.0, 22.5
VP_N3, -30.0, 22.5
VP_N6, -22.5, 30.0
VP_E7, -22.5, 30.0
VP_E8, -30.0, 37.5
VP_N4, -37.5, 30.0
VP_N4, -22.5, 37.5
VP_E12, -37.5, 30.0
VP_E12, -22.5, 22.5
VP_E4, -22.5, 30.0
VP_E1, -22.5, 30.0
VP_E13, -22.5, 37.5
VP_N3, -22.5, 22.5
VP_E5, -22.5, 22.5
VP_E7, -22.5, 22.5
VP_N1, -30.0, 22.5
VP_N4, -22.5, 22.5
VP_E7, -30.0, 37.5
VP_E11, -22.5, 30.0
VP_E2, -37.5, 37.5
VP_E13, -37.5, 22.5
VP_E1, -37.5, 22.5
VP_E8, -22.5, 30.0
VP_E1, -22.5, 37.5
VP_E7, -30.0, 37.5
VP_E9, -37.5, 22.5
VP_N4, -37.5, 37.5
VP_E5, -22.5, 22.5
VP_N1, -22.5, 30.0
VP_N1, -22.5, 37.5
VP_N3, -22.5, 22.5
VP_E4, -22.5, 30.0
VP_N1, -22.5, 22.5
VP_N5, -22.5, 22.5
VP_E7, -30.0, 22.5
VP_E6, -22.5, 22.5
VP_N5, -22.5, 37.5
VP_E2, -37.5, 37.5
VP_E5, -37.5, 30.0
VP_E9, -30.0, 22.5
VP_E4, -22.5, 22.5
VP_E1, -30.0, 30.0
VP_N6, -30.0, 30.0
VP_N5, -30.0, 30.0
VP_E7, -30.0, 37.5
VP_E5, -37.5, 30.0
VP_N3, -22.5, 22.5
VP_E9, -22.5, 30.0
VP_E8, -30.0, 37.5
VP_E11, -37.5, 37.5
VP_E12, -37.5, 22.5
VP_E11, -37.5, 22.5
VP_E5, -30.0, 22.5
VP_N3, -22.5, 22.5
VP_E1, -37.5, 30.0
VP_E7, -37.5, 22.5
VP_N1, -22.5, 22.5
VP_E9, -30.0, 30.0
VP_N3, -22.5, 22.5
VP_N5, -22.5, 30.0
VP_E11, -22.5, 22.5
VP_E2, -30.0, 37.5
VP_N4, -37.5, 22.5
VP_E4, -37.5, 22.5
VP_E1, -37.5, 22.5
VP_E2, -30.0, 37.5
VP_E9, -30.0, 30.0
VP_E1, -30.0, 30.0
VP_N3, -22.5, 22.5
VP_E2, -30.0, 30.0
VP_N3, -30.0, 22.5
VP_E13, -22.5, 37.5
VP_N6, -22.5, 37.5
VP_E1, -37.5, 37.5
VP_E13, -37.5, 30.0
VP_E1, -37.5, 22.5
VP_N4, -37.5, 37.5
VP_E12, -30.0, 22.5
VP_E7, -30.0, 37.5
VP_E8, -30.0, 22.5
VP_E9, -30.0, 37.5
VP_E4, -22.5, 37.5
VP_E13, -37.5, 22.5
VP_E2, -22.5, 30.0
VP_E7, -37.5, 22.5
VP_N5, -30.0, 22.5
VP_E1, -37.5, 22.5
VP_E11, -22.5, 22.5
VP_E13, -30.0, 22.5
VP_E11, -30.0, 22.5
VP_E12, -37.5, 22.5
VP_E9, -37.5, 22.5
VP_E11, -22.5, 22.5
VP_N5, -30.0, 22.5
VP_N1, -22.5, 22.5
VP_E11, -37.5, 22.5
VP_E7, -30.0, 37.5
VP_N1, -22.5, 22.5
VP_N3, -37.5, 22.5
VP_N1, -22.5, 37.5
VP_E7, -30.0, 22.5
VP_E4, -22.5, 37.5
VP_E9, -22.5, 30.0
VP_N1, -22.5, 37.5
VP_E12, -37.5, 30.0
VP_N3, -30.0, 22.5
VP_E5, -30.0, 30.0
VP_N1, -37.5, 37.5
VP_N1, -37.5, 22.5
VP_E6, -22.5, 37.5
VP_E11, -37.5, 22.5
VP_N3, -37.5, 37.5
VP_N1, -37.5, 30.0
VP_N5, -30.0, 22.5
VP_N3, -22.5, 22.5
VP_N5, -30.0, 37.5
VP_E12, -37.5, 30.0
VP_N4, -37.5, 30.0
VP_E2, -22.5, 30.0
VP_E13, -22.5, 22.5
VP_E9, -22.5, 37.5
VP_E5, -37.5, 30.0
VP_E11, -30.0, 37.5
VP_N3, -37.5, 22.5
VP_N6, -30.0, 37.5
VP_N4, -22.5, 30.0
VP_E8, -37.5, 22.5
VP_E1, -30.0, 30.0
VP_E2, -22.5, 37.5
VP_N3, -22.5, 22.5
VP_E2, -22.5, 37.5
VP_E1, -22.5, 22.5
VP_E9, -37.5, 30.0
VP_N1, -30.0, 30.0
VP_E6, -22.5, 22.5
VP_N5, -30.0, 37.5
VP_E12, -22.5, 22.5
VP_N3, -22.5, 22.5
VP_E8, -22.5, 22.5
VP_E7, -30.0, 22.5
VP_E9, -37.5, 22.5
VP_E4, -37.5, 22.5
VP_E1, -37.5, 30.0
VP_E7, -22.5, 22.5
VP_N3, -30.0, 22.5
VP_E4, -22.5, 22.5
VP_E4, -30.0, 30.0
VP_E2, -37.5, 37.5
VP_N6, -37.5, 30.0
VP_E12, -37.5, 22.5
VP_N6, -30.0, 30.0
VP_E11, -30.0, 22.5
VP_N4, -37.5, 22.5
VP_E4, -37.5, 30.0
VP_E13, -30.0, 22.5
VP_N4, -37.5, 22.5
VP_N6, -22.5, 37.5
VP_N1, -22.5, 22.5
VP_E7, -37.5, 22.5
VP_E6, -37.5, 30.0
VP_E7, -22.5, 22.5
VP_E7, -37.5, 22.5
VP_E13, -37.5, 30.0
VP_E6, -22.5, 37.5
VP_E6, -37.5, 22.5
VP_N5, -30.0, 30.0
VP_N6, -22.5, 30.0
VP_E13, -22.5, 22.5
VP_E13, -30.0, 37.5
VP_E5, -30.0, 37.5
VP_E7, -22.5, 30.0
VP_N5, -30.0, 22.5
VP_E7, -37.5, 22.5
VP_E9, -30.0, 30.0
VP_N3, -37.5, 22.5
VP_E12, -37.5, 30.0
VP_E8, -30.0, 37.5
VP_E8, -22.5, 37.5
VP_N6, -30.0, 30.0
VP_E1, -30.0, 30.0
VP_E12, -37.5, 22.5
VP_E9, -22.5, 22.5
VP_N1, -22.5, 22.5
VP_E9, -22.5, 22.5
VP_E4, -22.5, 22.5
VP_N3, -22.5, 22.5
VP_E7, -30.0, 37.5
VP_E1, -37.5, 30.0
VP_E5, -22.5, 37.5
VP_N5, -30.0, 30.0
VP_E13, -30.0, 22.5
VP_E12, -22.5, 37.5
VP_N3, -30.0, 37.5
VP_E7, -22.5, 30.0
VP_E2, -22.5, 30.0
VP_N3, -22.5, 30.0
VP_E7, -30.0, 37.5
VP_E11, -37.5, 22.5
VP_E13, -22.5, 37.5
VP_N3, -30.0, 37.5
VP_E11, -30.0, 22.5
VP_E2, -22.5, 30.0
VP_E9, -22.5, 37.5
VP_E4, -22.5, 30.0
VP_E8, -30.0, 30.0
VP_E6, -22.5, 22.5
VP_N4, -22.5, 30.0
VP_N4, -37.5, 22.5
VP_E1, -37.5, 22.5
VP_E12, -37.5, 22.5
VP_N4, -30.0, 22.5
VP_E9, -22.5, 22.5
VP_E5, -37.5, 30.0
VP_E6, -37.5, 30.0
VP_E5, -37.5, 37.5
VP_E4, -22.5, 22.5
VP_E5, -30.0, 22.5
VP_E9, -37.5, 22.5
VP_E13, -37.5, 30.0
VP_N1, -22.5, 22.5
VP_N5, -30.0, 37.5
VP_E13, -30.0, 30.0
VP_E8, -30.0, 37.5
VP_E8, -30.0, 22.5
VP_E13, -37.5, 30.0
VP_E2, -37.5, 22.5
VP_E13, -30.0, 22.5
VP_N3, -22.5, 22.5
VP_N1, -37.5, 30.0
VP_E11, -22.5, 30.0
VP_E12, -37.5, 22.5
VP_E12, -30.0, 37.5
VP_E4, -22.5, 22.5
VP_E9, -22.5, 37.5
VP_E12, -22.5, 22.5
VP_E1, -30.0, 30.0
VP_N3, -30.0, 30.0
VP_E1, -37.5, 22.5
VP_N5, -30.0, 30.0
VP_E11, -30.0, 37.5
VP_E9, -37.5, 30.0
VP_E12, -30.0, 30.0
VP_E7, -30.0, 37.5
VP_E9, -30.0, 30.0
VP_E12, -30.0, 22.5
VP_E9, -22.5, 30.0
VP_E7, -30.0, 22.5
VP_E9, -37.5, 22.5
VP_E12, -30.0, 22.5
